DELETE FROM analytics.pal_pme_avance;
DELETE FROM analytics.pal_indicador;
DELETE FROM analytics.pal_cge;
DELETE FROM analytics.pal_linea;
DELETE FROM analytics.pal_document;

INSERT INTO analytics.pal_document (id, slep_nombre, anio, tipo_documento, acto_administrativo, fecha_aprobacion, estado_extraccion) VALUES (2,'Barrancas',2026,'PAL','Resoluci?n SLEP Barrancas','2025-10-01','completo');
INSERT INTO analytics.pal_document (id, slep_nombre, anio, tipo_documento, acto_administrativo, fecha_aprobacion, estado_extraccion) VALUES (3,'Puerto Cordillera',2026,'PAL','Resoluci?n Exenta N? 1241','2025-12-15','completo');
INSERT INTO analytics.pal_document (id, slep_nombre, anio, tipo_documento, acto_administrativo, fecha_aprobacion, estado_extraccion) VALUES (4,'Los Parques',2026,'PAL','Resolucion SLEP Los Parques','2025-12-15','completo');

INSERT INTO analytics.pal_linea (id, pal_id, nombre_linea, descripcion, orden) VALUES (6,2,'OE1','Objetivo Estrat?gico N?1: Crear condiciones para mejorar los aprendizajes de los estudiantes',1);
INSERT INTO analytics.pal_linea (id, pal_id, nombre_linea, descripcion, orden) VALUES (7,2,'OE2','Objetivo Estrat?gico N?2: Fortalecer las competencias profesionales y t?cnicas en los establecimientos educacionales',2);
INSERT INTO analytics.pal_linea (id, pal_id, nombre_linea, descripcion, orden) VALUES (8,2,'OE3','Objetivo Estrat?gico N?3: Fortalecer la gesti?n institucional, administrativa y financiera del Servicio Local como sostenedor',3);
INSERT INTO analytics.pal_linea (id, pal_id, nombre_linea, descripcion, orden) VALUES (9,2,'OE4','Objetivo Estrat?gico N?4: Fortalecer la vinculaci?n con la comunidad y las formas institucionales de participaci?n e inserci?n territorial',4);
INSERT INTO analytics.pal_linea (id, pal_id, nombre_linea, descripcion, orden) VALUES (10,2,'OE5','Objetivo Estrat?gico N?5: Mejorar las condiciones operacionales y de infraestructura de los establecimientos educacionales y jardines infantiles',5);
INSERT INTO analytics.pal_linea (id, pal_id, nombre_linea, descripcion, orden) VALUES (11,2,'ATP1','Acci?n ATP N?1: Progresar en la gesti?n de la convivencia educativa',6);
INSERT INTO analytics.pal_linea (id, pal_id, nombre_linea, descripcion, orden) VALUES (12,2,'ATP2','Acci?n ATP N?2: Potenciar la comprensi?n lectora y el pensamiento l?gico-matem?tico',7);
INSERT INTO analytics.pal_linea (id, pal_id, nombre_linea, descripcion, orden) VALUES (13,2,'ATP3','Acci?n ATP N?3: Enriquecer las propuestas educativas de CEIA, escuelas especiales e interculturalidad',8);
INSERT INTO analytics.pal_linea (id, pal_id, nombre_linea, descripcion, orden) VALUES (14,2,'ATP4','Acci?n ATP N?4: Consolidar gesti?n escolar basada en evidencia para asistencia y permanencia',9);
INSERT INTO analytics.pal_linea (id, pal_id, nombre_linea, descripcion, orden) VALUES (15,3,'OE1: Mejorar aprendizajes','Mejorar niveles de aprendizaje a trav?s de gesti?n pedag?gica de calidad con inclusi?n educativa',1);
INSERT INTO analytics.pal_linea (id, pal_id, nombre_linea, descripcion, orden) VALUES (16,3,'LE 1.1: Gesti?n curricular inclusiva','Implementar gesti?n curricular de calidad e inclusiva, sello en competencias ling??sticas y l?gico-matem?tica',2);
INSERT INTO analytics.pal_linea (id, pal_id, nombre_linea, descripcion, orden) VALUES (17,3,'LE 1.2: Monitoreo trayectorias','Monitorear estudiantes desde educaci?n parvularia hasta finalizaci?n de ense?anza media',3);
INSERT INTO analytics.pal_linea (id, pal_id, nombre_linea, descripcion, orden) VALUES (18,3,'LE 1.3: Inclusi?n educativa','Generar gesti?n curricular basada en la inclusi?n educativa',4);
INSERT INTO analytics.pal_linea (id, pal_id, nombre_linea, descripcion, orden) VALUES (19,3,'LE 1.4: Educaci?n TP','Asegurar educaci?n de calidad en establecimientos t?cnico-profesionales',5);
INSERT INTO analytics.pal_linea (id, pal_id, nombre_linea, descripcion, orden) VALUES (20,3,'LE 1.5: Educaci?n parvularia','Asegurar educaci?n parvularia de calidad',6);
INSERT INTO analytics.pal_linea (id, pal_id, nombre_linea, descripcion, orden) VALUES (21,3,'OE2: Liderazgo y gesti?n','Fortalecer capacidades de liderazgo y gesti?n de equipos directivos y docentes',7);
INSERT INTO analytics.pal_linea (id, pal_id, nombre_linea, descripcion, orden) VALUES (22,3,'LE 2.1: Liderazgo directivo','Desarrollar competencias de liderazgo directivo con enfoque de mejora continua',8);
INSERT INTO analytics.pal_linea (id, pal_id, nombre_linea, descripcion, orden) VALUES (23,3,'LE 2.2: Acompa?amiento docente','Acompa?ar la labor docente con retroalimentaci?n pedag?gica',9);
INSERT INTO analytics.pal_linea (id, pal_id, nombre_linea, descripcion, orden) VALUES (24,3,'LE 2.3: Asistencia t?cnica','Asesorar y asistir t?cnicamente a establecimientos',10);
INSERT INTO analytics.pal_linea (id, pal_id, nombre_linea, descripcion, orden) VALUES (25,3,'OE3: Identidad territorial','Desarrollar identidad territorial y sentido de pertenencia en comunidades educativas',11);
INSERT INTO analytics.pal_linea (id, pal_id, nombre_linea, descripcion, orden) VALUES (26,3,'LE 3.1: Articulaci?n territorial','Generar identidad y articulaci?n territorial',12);
INSERT INTO analytics.pal_linea (id, pal_id, nombre_linea, descripcion, orden) VALUES (27,3,'LE 3.2: Convivencia educativa','Elaborar y dar seguimiento al plan de convivencia educativa',13);
INSERT INTO analytics.pal_linea (id, pal_id, nombre_linea, descripcion, orden) VALUES (28,3,'LE 3.3: Participaci?n ciudadana','Aumentar la participaci?n ciudadana y democr?tica',14);
INSERT INTO analytics.pal_linea (id, pal_id, nombre_linea, descripcion, orden) VALUES (29,3,'OE4: Infraestructura y recursos','Mejorar condiciones de infraestructura, equipamiento y recursos',15);
INSERT INTO analytics.pal_linea (id, pal_id, nombre_linea, descripcion, orden) VALUES (30,3,'LE 4.1: Infraestructura segura','Proveer infraestructura adecuada y segura',16);
INSERT INTO analytics.pal_linea (id, pal_id, nombre_linea, descripcion, orden) VALUES (31,3,'LE 4.2: Recursos pedag?gicos','Proveer recursos y materiales pedag?gicos',17);
INSERT INTO analytics.pal_linea (id, pal_id, nombre_linea, descripcion, orden) VALUES (32,3,'LE 4.3: Sostenibilidad ambiental','Alcanzar sostenibilidad medioambiental',18);
INSERT INTO analytics.pal_linea (id, pal_id, nombre_linea, descripcion, orden) VALUES (33,3,'OE5: Sostenibilidad financiera','Alcanzar la sostenibilidad financiera del servicio local',19);
INSERT INTO analytics.pal_linea (id, pal_id, nombre_linea, descripcion, orden) VALUES (34,3,'LE 5.1: Gesti?n presupuestaria','Realizar la mejor gesti?n presupuestaria posible',20);
INSERT INTO analytics.pal_linea (id, pal_id, nombre_linea, descripcion, orden) VALUES (35,3,'LE 5.2: Fondos adicionales','Gestionar fondos y recursos adicionales',21);
INSERT INTO analytics.pal_linea (id, pal_id, nombre_linea, descripcion, orden) VALUES (36,3,'LE 5.3: Eficiencia recursos','Uso eficiente de los recursos financieros',22);
INSERT INTO analytics.pal_linea (id, pal_id, nombre_linea, descripcion, orden) VALUES (37,4,'OE1: Mejorar aprendizaje integral','Mejorar el aprendizaje integral del estudiantado mediante acompanamiento continuo, bienestar con enfoque de derechos y perspectiva de genero',1);
INSERT INTO analytics.pal_linea (id, pal_id, nombre_linea, descripcion, orden) VALUES (38,4,'OE2: Liderazgo educativo','Aumentar capacidades de liderazgo educativo de equipos directivos, docentes y asistentes mediante formacion continua',2);
INSERT INTO analytics.pal_linea (id, pal_id, nombre_linea, descripcion, orden) VALUES (39,4,'OE3: Infraestructura y recursos','Mejorar infraestructura, equipamiento y recursos educativos mediante Plan Integral de Inversion y Mantenimiento',3);
INSERT INTO analytics.pal_linea (id, pal_id, nombre_linea, descripcion, orden) VALUES (40,4,'OE4: Sostenibilidad financiera','Asegurar sostenibilidad del servicio educativo mediante gestion eficiente de recursos administrativos y tecnico-pedagogicos',4);

INSERT INTO analytics.pal_indicador (id, linea_id, nombre_indicador, meta, avance_actual, observacion) VALUES (4,6,'% estudiantes que leen comprensivamente a fines del 2? b?sico','80%','91,1%','Resultado DIA 2024: 91,1% de estudiantes de 2do b?sico leen comprensivamente');
INSERT INTO analytics.pal_indicador (id, linea_id, nombre_indicador, meta, avance_actual, observacion) VALUES (5,6,'% estudiantes que reprueban por motivos acad?micos','1,50%','S/I','Indicador de medici?n anual; no es posible reportar avance a la fecha de corte');
INSERT INTO analytics.pal_indicador (id, linea_id, nombre_indicador, meta, avance_actual, observacion) VALUES (6,6,'% docentes que reciben observaci?n de clases y retroalimentaci?n semestralmente','80%','61,9%','Promedio de acompa?amiento 61,9% en EE que reportaron; 338 docentes acompa?ados mar-jun 2025');
INSERT INTO analytics.pal_indicador (id, linea_id, nombre_indicador, meta, avance_actual, observacion) VALUES (7,6,'% estudiantes en nivel de aprendizaje insuficiente','40%','53,2%','Mayores niveles de insuficiencia en 2?Medio (67,98% Lectura, 73,08% Matem?tica) vs 4?B?sico (33,4% y 38,25%)');
INSERT INTO analytics.pal_indicador (id, linea_id, nombre_indicador, meta, avance_actual, observacion) VALUES (8,6,'% anual de UE (55) en nivel Insuficiente','12%','N/A','Sin resultados: clasificaci?n requiere 2-3 mediciones consecutivas v?lidas post-pandemia');
INSERT INTO analytics.pal_indicador (id, linea_id, nombre_indicador, meta, avance_actual, observacion) VALUES (9,6,'% anual de UE (55) que descienden de categor?a','5,5%','N/A','Sin resultados: clasificaci?n requiere 2-3 mediciones consecutivas v?lidas post-pandemia');
INSERT INTO analytics.pal_indicador (id, linea_id, nombre_indicador, meta, avance_actual, observacion) VALUES (10,6,'% actividades de formaci?n ciudadana realizadas anualmente','90%','S/I','Indicador de medici?n anual');
INSERT INTO analytics.pal_indicador (id, linea_id, nombre_indicador, meta, avance_actual, observacion) VALUES (11,6,'% EE de educaci?n para adultos que mejoran sus indicadores acad?micos','66%','S/I','Indicador de medici?n anual');
INSERT INTO analytics.pal_indicador (id, linea_id, nombre_indicador, meta, avance_actual, observacion) VALUES (12,6,'% Egresados de Ense?anza TP que se titulan','85%','69,2%','Resultado 2024. SLEP realizando gestiones para cumplir meta');
INSERT INTO analytics.pal_indicador (id, linea_id, nombre_indicador, meta, avance_actual, observacion) VALUES (13,7,'% de directivos, docentes y educadoras de p?rvulo capacitados','75%','28%','Resultado solo a?o 2024. Se incrementar? con resultados 2025');
INSERT INTO analytics.pal_indicador (id, linea_id, nombre_indicador, meta, avance_actual, observacion) VALUES (14,7,'% de asistentes de la educaci?n capacitados','60%','12%','Resultado solo a?o 2024. Se incrementar? con resultados 2025');
INSERT INTO analytics.pal_indicador (id, linea_id, nombre_indicador, meta, avance_actual, observacion) VALUES (15,7,'% directores nuevos que participan en el proceso de inducci?n','100%','100%','Lograda la totalidad de participaci?n de directores/as en procesos de inducci?n');
INSERT INTO analytics.pal_indicador (id, linea_id, nombre_indicador, meta, avance_actual, observacion) VALUES (16,7,'% docentes de educaci?n TP que realizan cursos de especialidad y pasant?as','75%','S/I','Indicador de medici?n anual');
INSERT INTO analytics.pal_indicador (id, linea_id, nombre_indicador, meta, avance_actual, observacion) VALUES (17,7,'% docentes avanzados y experto I que rinden pruebas para pasar de tramo','50%','S/I','% docentes que rindieron prueba 2023 y no suspendieron');
INSERT INTO analytics.pal_indicador (id, linea_id, nombre_indicador, meta, avance_actual, observacion) VALUES (18,7,'% docentes principiantes que reciben mentor?a de mentores CPEIP','90%','0,9%','Programa voluntario; difusi?n a cargo de CPEIP. Resultado solo 2024');
INSERT INTO analytics.pal_indicador (id, linea_id, nombre_indicador, meta, avance_actual, observacion) VALUES (19,8,'% cumplimiento del est?ndar de ejecuci?n presupuestaria','85%','97%','Medici?n anual; promedio ejecuci?n a la fecha es 97%');
INSERT INTO analytics.pal_indicador (id, linea_id, nombre_indicador, meta, avance_actual, observacion) VALUES (20,8,'% aumento de recursos gestionados de forma aut?noma (convenios)','5%','S/I','Indicador de medici?n anual');
INSERT INTO analytics.pal_indicador (id, linea_id, nombre_indicador, meta, avance_actual, observacion) VALUES (21,8,'% aumento de recursos provenientes de fondos p?blicos externos','5%','S/I','Indicador de medici?n anual');
INSERT INTO analytics.pal_indicador (id, linea_id, nombre_indicador, meta, avance_actual, observacion) VALUES (22,8,'Puntaje promedio IDPS de los estudiantes','73,6 pts','74,0 pts','Resultado corresponde al promedio IDPS alcanzados en 2024');
INSERT INTO analytics.pal_indicador (id, linea_id, nombre_indicador, meta, avance_actual, observacion) VALUES (23,8,'% cobertura del primer nivel de transici?n de educaci?n parvularia','90%','57%','A la fecha de corte la matr?cula en NT1 es de 1.007');
INSERT INTO analytics.pal_indicador (id, linea_id, nombre_indicador, meta, avance_actual, observacion) VALUES (24,8,'% adultos que se reintegran a la educaci?n p?blica','1%','S/I','Matr?cula educaci?n de adultos a la fecha: 1.347');
INSERT INTO analytics.pal_indicador (id, linea_id, nombre_indicador, meta, avance_actual, observacion) VALUES (25,8,'% estudiantes con inasistencia cr?nica','40%','38%','Inasistencia cr?nica = clasificada como "cr?tica" y "grave" seg?n SIGE corregido con info EE');
INSERT INTO analytics.pal_indicador (id, linea_id, nombre_indicador, meta, avance_actual, observacion) VALUES (26,8,'% promedio de d?as asistidos en EE','90%','82,4%','Resultado 2024. SLEP implementando acciones para mejorar niveles de asistencia');
INSERT INTO analytics.pal_indicador (id, linea_id, nombre_indicador, meta, avance_actual, observacion) VALUES (27,8,'% retenci?n escolar promedio','80%','96,9%','Resultado 2024');
INSERT INTO analytics.pal_indicador (id, linea_id, nombre_indicador, meta, avance_actual, observacion) VALUES (28,8,'Estudios de factibilidad de EE que podr?an ofrecer servicio educativo continuo','2','0','Esfuerzos concentrados en fortalecer aprendizajes, asistencia y convivencia seg?n Plan de Reactivaci?n');
INSERT INTO analytics.pal_indicador (id, linea_id, nombre_indicador, meta, avance_actual, observacion) VALUES (29,9,'% EE que realizan actividades de participaci?n con la comunidad educativa','100%','100%','Lograda la participaci?n de la totalidad de la comunidad educativa');
INSERT INTO analytics.pal_indicador (id, linea_id, nombre_indicador, meta, avance_actual, observacion) VALUES (30,9,'% mejoramiento de asistencia promedio de padres y apoderados a reuniones de curso','50%','S/I','Se generar? reporte en noviembre 2025');
INSERT INTO analytics.pal_indicador (id, linea_id, nombre_indicador, meta, avance_actual, observacion) VALUES (31,9,'% CEPA que participan de actividades lideradas por EE y depto. PVT','80%','100%','Totalidad de CEPAS participaron de actividades desarrolladas por el Servicio');
INSERT INTO analytics.pal_indicador (id, linea_id, nombre_indicador, meta, avance_actual, observacion) VALUES (32,9,'% EE que eligen anualmente Centro de Estudiantes','100%','77%','Resultado 2024. Se trabaja con direcciones y estudiantes para fomentar CCEE');
INSERT INTO analytics.pal_indicador (id, linea_id, nombre_indicador, meta, avance_actual, observacion) VALUES (33,9,'% veces en trienio que se realiza Conferencia de Directores antes del PA','100%','100%','Se realizan seg?n planificaci?n del SLEP');
INSERT INTO analytics.pal_indicador (id, linea_id, nombre_indicador, meta, avance_actual, observacion) VALUES (34,9,'% EE que cumplen normativa para Consejos Escolares','100%','100%','Resultado 2024. Logro promover cumplimiento de Consejos Escolares');
INSERT INTO analytics.pal_indicador (id, linea_id, nombre_indicador, meta, avance_actual, observacion) VALUES (35,10,'% EE que mejoran sus condiciones higi?nicas y de espacios comunes','100%','61,8%','47 EE intervenidos con proyectos de conservaci?n. No incorporados proyectos con ejecuci?n 2025');
INSERT INTO analytics.pal_indicador (id, linea_id, nombre_indicador, meta, avance_actual, observacion) VALUES (36,10,'% EE con aulas de prek?nder y k?nder adaptadas (aulas colaborativas)','55%','21,7%','Avance en adaptaci?n NT1/NT2; emergencias obligaron abordar otras prioridades');
INSERT INTO analytics.pal_indicador (id, linea_id, nombre_indicador, meta, avance_actual, observacion) VALUES (37,10,'% jardines infantiles que logran reconocimiento oficial (RO)','100%','17,4%','4 JI con RO logrado. SLEP avanza con gestiones administrativas, jur?dicas y normativas');
INSERT INTO analytics.pal_indicador (id, linea_id, nombre_indicador, meta, avance_actual, observacion) VALUES (38,10,'% EE con equipamiento pertinente a especialidades TP','100%','100%','EE con carreras TP cuentan con implementos y equipamientos necesarios');
INSERT INTO analytics.pal_indicador (id, linea_id, nombre_indicador, meta, avance_actual, observacion) VALUES (39,10,'% EE con adecuadas capacidades de conectividad','95%','100%','Totalidad de establecimientos con acceso a internet');
INSERT INTO analytics.pal_indicador (id, linea_id, nombre_indicador, meta, avance_actual, observacion) VALUES (40,11,'% Unidades Educativas que participan en al menos una actividad para promover espacios educativos seguros, protectores y promotores del bienestar socioemocional','95% [73/76]',NULL,'Per?odo mar-dic 2026. L?nea Estrat?gica 1.5 PEL: Propiciar ambiente de convivencia escolar. Eje 1: Convivencia y salud mental');
INSERT INTO analytics.pal_indicador (id, linea_id, nombre_indicador, meta, avance_actual, observacion) VALUES (41,12,'% Unidades Educativas que participan en al menos una actividad para el fortalecimiento de habilidades de p?rvulos y estudiantes','95% [68/71]',NULL,'Per?odo mar-dic 2026. L?neas Estrat?gicas 1.1 y 1.2 PEL. Eje 2: Fortalecimiento de los aprendizajes. Incluye SEAT (Sistema de Evaluaci?n de Aprendizajes Territorial)');
INSERT INTO analytics.pal_indicador (id, linea_id, nombre_indicador, meta, avance_actual, observacion) VALUES (42,13,'% Unidades Educativas que participan en al menos una actividad para facilitar trayectorias formativas flexibles alineadas a proyectos de vida','90% [19/21]',NULL,'Per?odo mar-dic 2026. L?nea Estrat?gica 1.2 PEL. Eje 2. EPJA, escuelas especiales, EE con sello intercultural o matr?cula migrante >= 21%');
INSERT INTO analytics.pal_indicador (id, linea_id, nombre_indicador, meta, avance_actual, observacion) VALUES (43,14,'% Unidades Educativas que participan en al menos una actividad para fortalecer estrategias de vinculaci?n y permanencia de estudiantes','90% [69/76]',NULL,'Per?odo mar-dic 2026. L?nea Estrat?gica 3.3 PEL. Eje 3: Asistencia y revinculaci?n. Incluye reportes mensuales de eficiencia interna, 4 jornadas de an?lisis de datos');
INSERT INTO analytics.pal_indicador (id, linea_id, nombre_indicador, meta, avance_actual, observacion) VALUES (44,15,'Porcentaje estudiantes nivel insuficiente SIMCE 4B y 2M','35%','46%','No cumple meta');
INSERT INTO analytics.pal_indicador (id, linea_id, nombre_indicador, meta, avance_actual, observacion) VALUES (45,15,'Promedio IDPS territorial','72','70.75','Parcialmente cumplido');
INSERT INTO analytics.pal_indicador (id, linea_id, nombre_indicador, meta, avance_actual, observacion) VALUES (46,15,'Porcentaje EE categorizados insuficientes-medios bajos','20%','17%','Cumple');
INSERT INTO analytics.pal_indicador (id, linea_id, nombre_indicador, meta, avance_actual, observacion) VALUES (47,16,'Especialidades EMTP con factibilidad implementaci?n','85%','100%','Cumple');
INSERT INTO analytics.pal_indicador (id, linea_id, nombre_indicador, meta, avance_actual, observacion) VALUES (48,16,'Porcentaje estudiantes titulados EMTP','64%','60%','Parcial - brecha 4pp');
INSERT INTO analytics.pal_indicador (id, linea_id, nombre_indicador, meta, avance_actual, observacion) VALUES (49,16,'Cobertura curricular cumplimiento planes y programas','70%','70%','Cumple');
INSERT INTO analytics.pal_indicador (id, linea_id, nombre_indicador, meta, avance_actual, observacion) VALUES (50,17,'Porcentaje estudiantes que leen comprensivamente 2? b?sico','31%','44%','Supera meta - SEPA MideUC');
INSERT INTO analytics.pal_indicador (id, linea_id, nombre_indicador, meta, avance_actual, observacion) VALUES (51,17,'Porcentaje matr?cula territorial en educaci?n p?blica','27%','29%','Cumple - +2pp sobre meta');
INSERT INTO analytics.pal_indicador (id, linea_id, nombre_indicador, meta, avance_actual, observacion) VALUES (52,18,'Porcentaje EE con gesti?n curricular inclusiva PIE','88%','89.9%','Cumple');
INSERT INTO analytics.pal_indicador (id, linea_id, nombre_indicador, meta, avance_actual, observacion) VALUES (53,18,'Porcentaje estudiantes que reprueban','2.8%','1.54%','Cumple - bajo la meta');
INSERT INTO analytics.pal_indicador (id, linea_id, nombre_indicador, meta, avance_actual, observacion) VALUES (54,18,'Porcentaje promedio d?as asistidos','85%','Sin dato','Indicador mal dise?ado seg?n PAL');
INSERT INTO analytics.pal_indicador (id, linea_id, nombre_indicador, meta, avance_actual, observacion) VALUES (55,19,'Porcentaje retiro de estudiantes','3%','3.81%','No cumple - 0.81pp sobre meta');
INSERT INTO analytics.pal_indicador (id, linea_id, nombre_indicador, meta, avance_actual, observacion) VALUES (56,20,'Porcentaje EE con aulas del siglo XXI','55%','60%','Cumple - 40% a?n sin aulas');
INSERT INTO analytics.pal_indicador (id, linea_id, nombre_indicador, meta, avance_actual, observacion) VALUES (57,22,'Satisfacci?n equipos directivos con acompa?amiento','75%','84.3%','Cumple');
INSERT INTO analytics.pal_indicador (id, linea_id, nombre_indicador, meta, avance_actual, observacion) VALUES (58,23,'Porcentaje EE con observaci?n y retroalimentaci?n docente','85%','86%','Cumple');
INSERT INTO analytics.pal_indicador (id, linea_id, nombre_indicador, meta, avance_actual, observacion) VALUES (59,25,'Nivel satisfacci?n comunidades educativas','70%','78%','Cumple');
INSERT INTO analytics.pal_indicador (id, linea_id, nombre_indicador, meta, avance_actual, observacion) VALUES (60,26,'Cobertura neta educaci?n parvularia','30%','32%','Cumple');
INSERT INTO analytics.pal_indicador (id, linea_id, nombre_indicador, meta, avance_actual, observacion) VALUES (61,27,'Porcentaje EE con plan convivencia implementado','90%','92%','Cumple');
INSERT INTO analytics.pal_indicador (id, linea_id, nombre_indicador, meta, avance_actual, observacion) VALUES (62,28,'Participaci?n en consejos escolares','80%','85%','Cumple');
INSERT INTO analytics.pal_indicador (id, linea_id, nombre_indicador, meta, avance_actual, observacion) VALUES (63,30,'Infraestructura con est?ndar de seguridad','75%','70%','Parcial - brecha 5pp');
INSERT INTO analytics.pal_indicador (id, linea_id, nombre_indicador, meta, avance_actual, observacion) VALUES (64,34,'Ejecuci?n presupuestaria anual','95%','91%','Parcial');
INSERT INTO analytics.pal_indicador (id, linea_id, nombre_indicador, meta, avance_actual, observacion) VALUES (65,35,'Fondos adicionales gestionados','500M','480M','Parcial');
INSERT INTO analytics.pal_indicador (id, linea_id, nombre_indicador, meta, avance_actual, observacion) VALUES (66,37,'Porcentaje cumplimiento metas anuales PA','85%','16.67%','2 de 12 acciones al 100%');
INSERT INTO analytics.pal_indicador (id, linea_id, nombre_indicador, meta, avance_actual, observacion) VALUES (67,37,'Matricula total escuelas y liceos','16.070','16.070','52 establecimientos');
INSERT INTO analytics.pal_indicador (id, linea_id, nombre_indicador, meta, avance_actual, observacion) VALUES (68,37,'Matricula jardines infantiles','1.768','1.768','Jardines VTF');
INSERT INTO analytics.pal_indicador (id, linea_id, nombre_indicador, meta, avance_actual, observacion) VALUES (69,38,'Formacion continua equipos directivos','100%','En ejecucion','Programa con enfoque de genero');
INSERT INTO analytics.pal_indicador (id, linea_id, nombre_indicador, meta, avance_actual, observacion) VALUES (70,39,'Plan Integral Inversion y Mantenimiento','100%','En ejecucion','Basado en diagnostico participativo');
INSERT INTO analytics.pal_indicador (id, linea_id, nombre_indicador, meta, avance_actual, observacion) VALUES (71,40,'Indice gestion de recursos','100%','28.41%','Sostenibilidad financiera + ejecucion presupuestaria');
INSERT INTO analytics.pal_indicador (id, linea_id, nombre_indicador, meta, avance_actual, observacion) VALUES (72,40,'Ejecucion presupuestaria','90%','38.07%','$616M ejecutados al 31/jul');
INSERT INTO analytics.pal_indicador (id, linea_id, nombre_indicador, meta, avance_actual, observacion) VALUES (73,40,'Plan Sostenibilidad Financiera','100%','18.75%','3 de 16 acciones completadas');
INSERT INTO analytics.pal_indicador (id, linea_id, nombre_indicador, meta, avance_actual, observacion) VALUES (74,40,'Convenios entidades publicas/privadas','6','3','50% de convenios formalizados');

INSERT INTO analytics.pal_cge (id, pal_id, objetivo, indicador_nombre, meta, resultado_obtenido, observacion) VALUES (1,2,'1','EFICIENCIA INTERNA Y NIVELES DE APRENDIZAJE','75%','20%','Resultado ponderado < 70% ? avance 0% seg?n nota t?cnica');
INSERT INTO analytics.pal_cge (id, pal_id, objetivo, indicador_nombre, meta, resultado_obtenido, observacion) VALUES (2,2,'1','% Variaci?n de la asistencia','0,83%','0%',NULL);
INSERT INTO analytics.pal_cge (id, pal_id, objetivo, indicador_nombre, meta, resultado_obtenido, observacion) VALUES (3,2,'1','% Variaci?n de la matr?cula','0,96%','1,03%',NULL);
INSERT INTO analytics.pal_cge (id, pal_id, objetivo, indicador_nombre, meta, resultado_obtenido, observacion) VALUES (4,2,'1','% Variaci?n estudiantes en nivel de aprendizaje adecuado','1,8%','0%',NULL);
INSERT INTO analytics.pal_cge (id, pal_id, objetivo, indicador_nombre, meta, resultado_obtenido, observacion) VALUES (5,2,'1','% Variaci?n estudiantes en nivel de aprendizaje insuficiente','-1,4%','0%',NULL);
INSERT INTO analytics.pal_cge (id, pal_id, objetivo, indicador_nombre, meta, resultado_obtenido, observacion) VALUES (6,2,'1','Tasa de la incidencia de desvinculaci?n global del SLEP','2,09%','0%',NULL);
INSERT INTO analytics.pal_cge (id, pal_id, objetivo, indicador_nombre, meta, resultado_obtenido, observacion) VALUES (7,2,'2','GESTI?N DE INSTRUMENTOS EDUCACIONALES','100%','17,54%','Resultado ponderado < 70% ? avance 0% seg?n nota t?cnica');
INSERT INTO analytics.pal_cge (id, pal_id, objetivo, indicador_nombre, meta, resultado_obtenido, observacion) VALUES (8,2,'2','% Cumplimiento de las metas anuales del Plan Anual','95%','33,33%','Evaluaci?n intermedia distorsiona resultados');
INSERT INTO analytics.pal_cge (id, pal_id, objetivo, indicador_nombre, meta, resultado_obtenido, observacion) VALUES (9,2,'2','Cumplimiento del plan de revisi?n estrat?gica PEL','100%','0%',NULL);
INSERT INTO analytics.pal_cge (id, pal_id, objetivo, indicador_nombre, meta, resultado_obtenido, observacion) VALUES (10,2,'3','CONDICIONES F?SICAS Y FINANCIERAS','100%','13,6%',NULL);
INSERT INTO analytics.pal_cge (id, pal_id, objetivo, indicador_nombre, meta, resultado_obtenido, observacion) VALUES (11,2,'3','% Cumplimiento del Plan de Inversi?n en Infraestructura','90%','0%',NULL);
INSERT INTO analytics.pal_cge (id, pal_id, objetivo, indicador_nombre, meta, resultado_obtenido, observacion) VALUES (12,2,'3','% Ejecuci?n Presupuestaria en Iniciativas de Inversi?n','80%','0%','A la fecha se estaban desarrollando planos y ajustes necesarios');
INSERT INTO analytics.pal_cge (id, pal_id, objetivo, indicador_nombre, meta, resultado_obtenido, observacion) VALUES (13,2,'3','Cumplimiento de la dotaci?n establecida en Plan Anual','100%','0%',NULL);
INSERT INTO analytics.pal_cge (id, pal_id, objetivo, indicador_nombre, meta, resultado_obtenido, observacion) VALUES (14,2,'4','FORTALECIMIENTO DEL LIDERAZGO','100%','0%','Planes en proceso de implementaci?n');
INSERT INTO analytics.pal_cge (id, pal_id, objetivo, indicador_nombre, meta, resultado_obtenido, observacion) VALUES (15,2,'4','% Cumplimiento Plan de Trabajo con Consejos Escolares, Educaci?n Parvularia, Consejo Local, Comit? Directivo','100%','0%','Dada fecha de formalizaci?n del CGE, planes en proceso');
INSERT INTO analytics.pal_cge (id, pal_id, objetivo, indicador_nombre, meta, resultado_obtenido, observacion) VALUES (16,2,'4','% Cumplimiento del Plan de Fortalecimiento del Liderazgo para directores y equipos directivos','100%','0%','No se puede determinar avance a fecha de corte');
INSERT INTO analytics.pal_cge (id, pal_id, objetivo, indicador_nombre, meta, resultado_obtenido, observacion) VALUES (17,2,'5','EVALUACI?N DE DESEMPE?O DEL DIRECTOR EJECUTIVO','100%','0%','Evaluaci?n se realiza en Febrero 2026');
INSERT INTO analytics.pal_cge (id, pal_id, objetivo, indicador_nombre, meta, resultado_obtenido, observacion) VALUES (18,3,'Sin CGE vigente','Directora Ejecutiva Suplente - art.24bis Ley 21.040','N/A','N/A','No es posible dar cuenta del avance del CGE');
INSERT INTO analytics.pal_cge (id, pal_id, objetivo, indicador_nombre, meta, resultado_obtenido, observacion) VALUES (19,4,'OBJ1: Plan Estrategico y Plan Anual','1.1 Porcentaje cumplimiento metas anuales PA','85%','16.67%','2 de 12 acciones al 100%, resto en ejecucion');
INSERT INTO analytics.pal_cge (id, pal_id, objetivo, indicador_nombre, meta, resultado_obtenido, observacion) VALUES (20,4,'OBJ2: Gestion eficiente del servicio','2.1 Indice gestion de recursos','100%','28.41%','Plan Sostenibilidad 18.75%, ejecucion presupuestaria 38.07%');
INSERT INTO analytics.pal_cge (id, pal_id, objetivo, indicador_nombre, meta, resultado_obtenido, observacion) VALUES (21,4,'OBJ2: Gestion eficiente','2.1.2 Cumplimiento Plan Sostenibilidad Financiera','100%','18.75%','3 de 16 acciones completadas');
INSERT INTO analytics.pal_cge (id, pal_id, objetivo, indicador_nombre, meta, resultado_obtenido, observacion) VALUES (22,4,'OBJ2: Gestion eficiente','2.1.3 Porcentaje ejecucion presupuestaria','90%','38.07%','$616.665.678 ejecutados del presupuesto vigente al 31/jul');
INSERT INTO analytics.pal_cge (id, pal_id, objetivo, indicador_nombre, meta, resultado_obtenido, observacion) VALUES (23,4,'OBJ3: Participacion y cultura mejora','3.1 Indice participacion y articulacion local','100%','55.77%','16 de 26 acciones ejecutadas, 3 de 6 convenios formalizados');

INSERT INTO analytics.pal_pme_avance (id, pal_id, rbd, nombre_ee, comuna, n_acciones_liderazgo, n_acciones_gestion_pedagogica, n_acciones_convivencia, n_acciones_recursos, total_acciones, pct_cumplimiento) VALUES (1,2,10010,'Mustafa Kemal Ataturk','Lo Prado',3,3,4,4,14,'29.6');
INSERT INTO analytics.pal_pme_avance (id, pal_id, rbd, nombre_ee, comuna, n_acciones_liderazgo, n_acciones_gestion_pedagogica, n_acciones_convivencia, n_acciones_recursos, total_acciones, pct_cumplimiento) VALUES (2,2,10074,'Alianza','Cerro Navia',3,3,4,4,14,'85.7');
INSERT INTO analytics.pal_pme_avance (id, pal_id, rbd, nombre_ee, comuna, n_acciones_liderazgo, n_acciones_gestion_pedagogica, n_acciones_convivencia, n_acciones_recursos, total_acciones, pct_cumplimiento) VALUES (3,2,10075,'Los H?roes de la Concepci?n','Cerro Navia',2,5,4,4,15,'76.8');
INSERT INTO analytics.pal_pme_avance (id, pal_id, rbd, nombre_ee, comuna, n_acciones_liderazgo, n_acciones_gestion_pedagogica, n_acciones_convivencia, n_acciones_recursos, total_acciones, pct_cumplimiento) VALUES (4,2,10076,'Complejo Educacional Pedro Prado','Lo Prado',3,5,4,4,16,'79.8');
INSERT INTO analytics.pal_pme_avance (id, pal_id, rbd, nombre_ee, comuna, n_acciones_liderazgo, n_acciones_gestion_pedagogica, n_acciones_convivencia, n_acciones_recursos, total_acciones, pct_cumplimiento) VALUES (5,2,10077,'Centro Experimental Pudahuel Car?n','Pudahuel',3,6,4,4,17,'49.3');
INSERT INTO analytics.pal_pme_avance (id, pal_id, rbd, nombre_ee, comuna, n_acciones_liderazgo, n_acciones_gestion_pedagogica, n_acciones_convivencia, n_acciones_recursos, total_acciones, pct_cumplimiento) VALUES (6,2,10080,'Teniente Hern?n Merino Correa','Pudahuel',3,3,4,4,14,'69.8');
INSERT INTO analytics.pal_pme_avance (id, pal_id, rbd, nombre_ee, comuna, n_acciones_liderazgo, n_acciones_gestion_pedagogica, n_acciones_convivencia, n_acciones_recursos, total_acciones, pct_cumplimiento) VALUES (7,2,10081,'Estrella De Chile','Pudahuel',3,3,4,4,14,'69.8');
INSERT INTO analytics.pal_pme_avance (id, pal_id, rbd, nombre_ee, comuna, n_acciones_liderazgo, n_acciones_gestion_pedagogica, n_acciones_convivencia, n_acciones_recursos, total_acciones, pct_cumplimiento) VALUES (8,2,10083,'Presidente Roosevelt','Cerro Navia',3,3,4,4,14,'73.5');
INSERT INTO analytics.pal_pme_avance (id, pal_id, rbd, nombre_ee, comuna, n_acciones_liderazgo, n_acciones_gestion_pedagogica, n_acciones_convivencia, n_acciones_recursos, total_acciones, pct_cumplimiento) VALUES (9,2,10085,'Estado De Florida','Pudahuel',3,7,6,4,20,'67.8');
INSERT INTO analytics.pal_pme_avance (id, pal_id, rbd, nombre_ee, comuna, n_acciones_liderazgo, n_acciones_gestion_pedagogica, n_acciones_convivencia, n_acciones_recursos, total_acciones, pct_cumplimiento) VALUES (10,2,10086,'Republica De Italia','Cerro Navia',3,3,4,4,14,'73.5');
INSERT INTO analytics.pal_pme_avance (id, pal_id, rbd, nombre_ee, comuna, n_acciones_liderazgo, n_acciones_gestion_pedagogica, n_acciones_convivencia, n_acciones_recursos, total_acciones, pct_cumplimiento) VALUES (11,2,10087,'Republica De Croacia','Cerro Navia',3,3,4,4,14,'55.3');
INSERT INTO analytics.pal_pme_avance (id, pal_id, rbd, nombre_ee, comuna, n_acciones_liderazgo, n_acciones_gestion_pedagogica, n_acciones_convivencia, n_acciones_recursos, total_acciones, pct_cumplimiento) VALUES (12,2,10088,'Herminda De La Victoria','Cerro Navia',3,3,4,4,14,'58.4');
INSERT INTO analytics.pal_pme_avance (id, pal_id, rbd, nombre_ee, comuna, n_acciones_liderazgo, n_acciones_gestion_pedagogica, n_acciones_convivencia, n_acciones_recursos, total_acciones, pct_cumplimiento) VALUES (13,2,10089,'Jaime G?mez Garc?a','Lo Prado',3,3,4,4,14,'0.0');
INSERT INTO analytics.pal_pme_avance (id, pal_id, rbd, nombre_ee, comuna, n_acciones_liderazgo, n_acciones_gestion_pedagogica, n_acciones_convivencia, n_acciones_recursos, total_acciones, pct_cumplimiento) VALUES (14,2,10090,'Alexander Graham Bell','Pudahuel',3,3,4,4,14,'0.0');
INSERT INTO analytics.pal_pme_avance (id, pal_id, rbd, nombre_ee, comuna, n_acciones_liderazgo, n_acciones_gestion_pedagogica, n_acciones_convivencia, n_acciones_recursos, total_acciones, pct_cumplimiento) VALUES (15,2,10091,'Profesora Gladys Valenzuela','Lo Prado',3,3,4,4,14,'34.2');
INSERT INTO analytics.pal_pme_avance (id, pal_id, rbd, nombre_ee, comuna, n_acciones_liderazgo, n_acciones_gestion_pedagogica, n_acciones_convivencia, n_acciones_recursos, total_acciones, pct_cumplimiento) VALUES (16,2,10092,'Golda Meir','Lo Prado',3,3,4,4,14,'71.9');
INSERT INTO analytics.pal_pme_avance (id, pal_id, rbd, nombre_ee, comuna, n_acciones_liderazgo, n_acciones_gestion_pedagogica, n_acciones_convivencia, n_acciones_recursos, total_acciones, pct_cumplimiento) VALUES (17,2,10093,'Millahue','Cerro Navia',3,3,4,4,14,'58.5');
INSERT INTO analytics.pal_pme_avance (id, pal_id, rbd, nombre_ee, comuna, n_acciones_liderazgo, n_acciones_gestion_pedagogica, n_acciones_convivencia, n_acciones_recursos, total_acciones, pct_cumplimiento) VALUES (18,2,10095,'Ignacio Carrera Pinto','Lo Prado',3,3,4,4,14,'47.4');
INSERT INTO analytics.pal_pme_avance (id, pal_id, rbd, nombre_ee, comuna, n_acciones_liderazgo, n_acciones_gestion_pedagogica, n_acciones_convivencia, n_acciones_recursos, total_acciones, pct_cumplimiento) VALUES (19,2,10097,'Mariscal de Ayacucho','Lo Prado',3,3,4,4,14,'59.4');
INSERT INTO analytics.pal_pme_avance (id, pal_id, rbd, nombre_ee, comuna, n_acciones_liderazgo, n_acciones_gestion_pedagogica, n_acciones_convivencia, n_acciones_recursos, total_acciones, pct_cumplimiento) VALUES (20,2,10098,'Provincia de Arauco','Cerro Navia',3,3,4,4,14,'53.2');
INSERT INTO analytics.pal_pme_avance (id, pal_id, rbd, nombre_ee, comuna, n_acciones_liderazgo, n_acciones_gestion_pedagogica, n_acciones_convivencia, n_acciones_recursos, total_acciones, pct_cumplimiento) VALUES (21,2,10099,'General Ren? Escauriaza','Cerro Navia',3,3,4,4,14,'50.7');
INSERT INTO analytics.pal_pme_avance (id, pal_id, rbd, nombre_ee, comuna, n_acciones_liderazgo, n_acciones_gestion_pedagogica, n_acciones_convivencia, n_acciones_recursos, total_acciones, pct_cumplimiento) VALUES (22,2,10100,'El Salitre','Pudahuel',3,3,4,4,14,'74.0');
INSERT INTO analytics.pal_pme_avance (id, pal_id, rbd, nombre_ee, comuna, n_acciones_liderazgo, n_acciones_gestion_pedagogica, n_acciones_convivencia, n_acciones_recursos, total_acciones, pct_cumplimiento) VALUES (23,2,10102,'Albert Einstein','Pudahuel',3,3,4,4,14,'62.1');
INSERT INTO analytics.pal_pme_avance (id, pal_id, rbd, nombre_ee, comuna, n_acciones_liderazgo, n_acciones_gestion_pedagogica, n_acciones_convivencia, n_acciones_recursos, total_acciones, pct_cumplimiento) VALUES (24,2,10103,'Sor Teresa De Los Andes','Lo Prado',3,3,4,4,14,'65.8');
INSERT INTO analytics.pal_pme_avance (id, pal_id, rbd, nombre_ee, comuna, n_acciones_liderazgo, n_acciones_gestion_pedagogica, n_acciones_convivencia, n_acciones_recursos, total_acciones, pct_cumplimiento) VALUES (25,2,10104,'Monse?or Carlos Oviedo','Pudahuel',3,3,4,4,14,'67.8');
INSERT INTO analytics.pal_pme_avance (id, pal_id, rbd, nombre_ee, comuna, n_acciones_liderazgo, n_acciones_gestion_pedagogica, n_acciones_convivencia, n_acciones_recursos, total_acciones, pct_cumplimiento) VALUES (26,2,10105,'Federico Acevedo','Cerro Navia',3,3,4,4,14,'69.8');
INSERT INTO analytics.pal_pme_avance (id, pal_id, rbd, nombre_ee, comuna, n_acciones_liderazgo, n_acciones_gestion_pedagogica, n_acciones_convivencia, n_acciones_recursos, total_acciones, pct_cumplimiento) VALUES (27,2,10106,'Poeta Pablo Neruda','Lo Prado',3,3,4,4,14,'34.7');
INSERT INTO analytics.pal_pme_avance (id, pal_id, rbd, nombre_ee, comuna, n_acciones_liderazgo, n_acciones_gestion_pedagogica, n_acciones_convivencia, n_acciones_recursos, total_acciones, pct_cumplimiento) VALUES (28,2,10107,'Paulo Freire','Cerro Navia',3,3,4,4,14,'36.8');
INSERT INTO analytics.pal_pme_avance (id, pal_id, rbd, nombre_ee, comuna, n_acciones_liderazgo, n_acciones_gestion_pedagogica, n_acciones_convivencia, n_acciones_recursos, total_acciones, pct_cumplimiento) VALUES (29,2,10108,'Leonardo Da Vinci','Cerro Navia',3,3,4,4,14,'42.4');
INSERT INTO analytics.pal_pme_avance (id, pal_id, rbd, nombre_ee, comuna, n_acciones_liderazgo, n_acciones_gestion_pedagogica, n_acciones_convivencia, n_acciones_recursos, total_acciones, pct_cumplimiento) VALUES (30,2,10109,'Doctor Treviso Girardi Tonelli','Cerro Navia',3,3,4,4,14,'67.8');
INSERT INTO analytics.pal_pme_avance (id, pal_id, rbd, nombre_ee, comuna, n_acciones_liderazgo, n_acciones_gestion_pedagogica, n_acciones_convivencia, n_acciones_recursos, total_acciones, pct_cumplimiento) VALUES (31,2,10113,'Elvira Santa Cruz Ossa','Pudahuel',3,3,4,4,14,'62.0');
INSERT INTO analytics.pal_pme_avance (id, pal_id, rbd, nombre_ee, comuna, n_acciones_liderazgo, n_acciones_gestion_pedagogica, n_acciones_convivencia, n_acciones_recursos, total_acciones, pct_cumplimiento) VALUES (32,2,10114,'Rep?blica de Estados Unidos','Lo Prado',3,3,4,4,14,'70.9');
INSERT INTO analytics.pal_pme_avance (id, pal_id, rbd, nombre_ee, comuna, n_acciones_liderazgo, n_acciones_gestion_pedagogica, n_acciones_convivencia, n_acciones_recursos, total_acciones, pct_cumplimiento) VALUES (33,2,10116,'Neptuno','Cerro Navia',3,3,4,4,14,'0.0');
INSERT INTO analytics.pal_pme_avance (id, pal_id, rbd, nombre_ee, comuna, n_acciones_liderazgo, n_acciones_gestion_pedagogica, n_acciones_convivencia, n_acciones_recursos, total_acciones, pct_cumplimiento) VALUES (34,2,10117,'Mar?a Luisa Bombal','Cerro Navia',3,3,4,4,14,'72.4');
INSERT INTO analytics.pal_pme_avance (id, pal_id, rbd, nombre_ee, comuna, n_acciones_liderazgo, n_acciones_gestion_pedagogica, n_acciones_convivencia, n_acciones_recursos, total_acciones, pct_cumplimiento) VALUES (35,2,10119,'Poeta Vicente Huidobro','Lo Prado',3,3,4,4,14,'69.3');
INSERT INTO analytics.pal_pme_avance (id, pal_id, rbd, nombre_ee, comuna, n_acciones_liderazgo, n_acciones_gestion_pedagogica, n_acciones_convivencia, n_acciones_recursos, total_acciones, pct_cumplimiento) VALUES (36,2,10120,'Alberto Galleguillos Jaque','Pudahuel',3,4,4,4,15,'55.0');
INSERT INTO analytics.pal_pme_avance (id, pal_id, rbd, nombre_ee, comuna, n_acciones_liderazgo, n_acciones_gestion_pedagogica, n_acciones_convivencia, n_acciones_recursos, total_acciones, pct_cumplimiento) VALUES (37,2,10121,'Ciudad Santo Domingo De Guzm?n','Cerro Navia',3,3,4,4,14,'63.6');
INSERT INTO analytics.pal_pme_avance (id, pal_id, rbd, nombre_ee, comuna, n_acciones_liderazgo, n_acciones_gestion_pedagogica, n_acciones_convivencia, n_acciones_recursos, total_acciones, pct_cumplimiento) VALUES (38,2,10122,'Manuel Guerrero Ceballos','Cerro Navia',3,3,4,4,14,'0.0');
INSERT INTO analytics.pal_pme_avance (id, pal_id, rbd, nombre_ee, comuna, n_acciones_liderazgo, n_acciones_gestion_pedagogica, n_acciones_convivencia, n_acciones_recursos, total_acciones, pct_cumplimiento) VALUES (39,2,10123,'Melvin Jones','Pudahuel',3,3,4,4,14,'69.4');
INSERT INTO analytics.pal_pme_avance (id, pal_id, rbd, nombre_ee, comuna, n_acciones_liderazgo, n_acciones_gestion_pedagogica, n_acciones_convivencia, n_acciones_recursos, total_acciones, pct_cumplimiento) VALUES (40,2,10124,'San Daniel','Pudahuel',3,3,4,4,14,'74.0');
INSERT INTO analytics.pal_pme_avance (id, pal_id, rbd, nombre_ee, comuna, n_acciones_liderazgo, n_acciones_gestion_pedagogica, n_acciones_convivencia, n_acciones_recursos, total_acciones, pct_cumplimiento) VALUES (41,2,10125,'Sargento Candelaria','Cerro Navia',3,3,4,4,14,'59.4');
INSERT INTO analytics.pal_pme_avance (id, pal_id, rbd, nombre_ee, comuna, n_acciones_liderazgo, n_acciones_gestion_pedagogica, n_acciones_convivencia, n_acciones_recursos, total_acciones, pct_cumplimiento) VALUES (42,2,10126,'Complejo Educacional Cerro Navia','Cerro Navia',3,3,4,4,14,'61.3');
INSERT INTO analytics.pal_pme_avance (id, pal_id, rbd, nombre_ee, comuna, n_acciones_liderazgo, n_acciones_gestion_pedagogica, n_acciones_convivencia, n_acciones_recursos, total_acciones, pct_cumplimiento) VALUES (43,2,10127,'Educaci?n Diferencial Quillahue','Lo Prado',3,4,4,3,14,'48.5');
INSERT INTO analytics.pal_pme_avance (id, pal_id, rbd, nombre_ee, comuna, n_acciones_liderazgo, n_acciones_gestion_pedagogica, n_acciones_convivencia, n_acciones_recursos, total_acciones, pct_cumplimiento) VALUES (44,2,10128,'Centro Integrado de Adultos Lo Prado','Lo Prado',3,3,4,4,14,'64.1');
INSERT INTO analytics.pal_pme_avance (id, pal_id, rbd, nombre_ee, comuna, n_acciones_liderazgo, n_acciones_gestion_pedagogica, n_acciones_convivencia, n_acciones_recursos, total_acciones, pct_cumplimiento) VALUES (45,2,10130,'Ciudad De Brasilia','Pudahuel',3,3,4,4,14,'60.1');
INSERT INTO analytics.pal_pme_avance (id, pal_id, rbd, nombre_ee, comuna, n_acciones_liderazgo, n_acciones_gestion_pedagogica, n_acciones_convivencia, n_acciones_recursos, total_acciones, pct_cumplimiento) VALUES (46,2,10134,'Comodoro Arturo Merino Ben?tez','Pudahuel',3,3,4,4,14,'66.3');
INSERT INTO analytics.pal_pme_avance (id, pal_id, rbd, nombre_ee, comuna, n_acciones_liderazgo, n_acciones_gestion_pedagogica, n_acciones_convivencia, n_acciones_recursos, total_acciones, pct_cumplimiento) VALUES (47,2,10135,'Lo Boza','Pudahuel',3,3,4,4,14,'0.0');
INSERT INTO analytics.pal_pme_avance (id, pal_id, rbd, nombre_ee, comuna, n_acciones_liderazgo, n_acciones_gestion_pedagogica, n_acciones_convivencia, n_acciones_recursos, total_acciones, pct_cumplimiento) VALUES (48,2,24412,'Finlandia','Pudahuel',3,3,4,4,14,'69.8');
INSERT INTO analytics.pal_pme_avance (id, pal_id, rbd, nombre_ee, comuna, n_acciones_liderazgo, n_acciones_gestion_pedagogica, n_acciones_convivencia, n_acciones_recursos, total_acciones, pct_cumplimiento) VALUES (49,2,24754,'Georgina Salas Dinamarca','Cerro Navia',3,3,4,4,14,'59.5');
INSERT INTO analytics.pal_pme_avance (id, pal_id, rbd, nombre_ee, comuna, n_acciones_liderazgo, n_acciones_gestion_pedagogica, n_acciones_convivencia, n_acciones_recursos, total_acciones, pct_cumplimiento) VALUES (50,3,10632,'Escuela B?sica Manuel de Salas','Coquimbo',3,5,3,3,14,'100.0');
INSERT INTO analytics.pal_pme_avance (id, pal_id, rbd, nombre_ee, comuna, n_acciones_liderazgo, n_acciones_gestion_pedagogica, n_acciones_convivencia, n_acciones_recursos, total_acciones, pct_cumplimiento) VALUES (51,3,10634,'Escuela de Huachalalume','Coquimbo',4,5,2,4,15,'100.0');
INSERT INTO analytics.pal_pme_avance (id, pal_id, rbd, nombre_ee, comuna, n_acciones_liderazgo, n_acciones_gestion_pedagogica, n_acciones_convivencia, n_acciones_recursos, total_acciones, pct_cumplimiento) VALUES (52,3,10635,'Escuela de Totoralillo','Coquimbo',4,5,3,5,17,'100.0');
INSERT INTO analytics.pal_pme_avance (id, pal_id, rbd, nombre_ee, comuna, n_acciones_liderazgo, n_acciones_gestion_pedagogica, n_acciones_convivencia, n_acciones_recursos, total_acciones, pct_cumplimiento) VALUES (53,3,10637,'Escuela Lucila Godoy Alcayaga','Coquimbo',3,4,3,5,15,'100.0');
INSERT INTO analytics.pal_pme_avance (id, pal_id, rbd, nombre_ee, comuna, n_acciones_liderazgo, n_acciones_gestion_pedagogica, n_acciones_convivencia, n_acciones_recursos, total_acciones, pct_cumplimiento) VALUES (54,3,10618,'Escuela Santo Tom?s de Aquino','Coquimbo',4,5,3,4,16,'100.0');
INSERT INTO analytics.pal_pme_avance (id, pal_id, rbd, nombre_ee, comuna, n_acciones_liderazgo, n_acciones_gestion_pedagogica, n_acciones_convivencia, n_acciones_recursos, total_acciones, pct_cumplimiento) VALUES (55,3,10620,'Escuela Jos? Alfaro Alfaro','Coquimbo',3,5,4,3,15,'100.0');
INSERT INTO analytics.pal_pme_avance (id, pal_id, rbd, nombre_ee, comuna, n_acciones_liderazgo, n_acciones_gestion_pedagogica, n_acciones_convivencia, n_acciones_recursos, total_acciones, pct_cumplimiento) VALUES (56,3,10621,'Escuela B?sica Mario Mu?oz Silva','Coquimbo',3,4,3,4,14,'100.0');
INSERT INTO analytics.pal_pme_avance (id, pal_id, rbd, nombre_ee, comuna, n_acciones_liderazgo, n_acciones_gestion_pedagogica, n_acciones_convivencia, n_acciones_recursos, total_acciones, pct_cumplimiento) VALUES (57,3,10624,'Escuela Diferencial Juan Sandoval C.','Coquimbo',2,3,2,2,9,'100.0');